Model,MSE,RMSE
ARIMA,432.7111699549232,20.80171074587192
LSTM,122.65562474785838,11.074999988616632
